{
  "weights": [
    6.414084633926307,
    0.6923998723166891,
    -0.2352445935211392,
    -0.8332068982143445,
    0.3744192614438612,
    0.6875606806211552
  ],
  "generation": 1,
  "best_score": 40001,
  "all_time_best": 40001
}