{
  "weights": [
    6.414084633926307,
    1.0909193692872377,
    -0.2352445935211392,
    -0.8332068982143445,
    0.3744192614438612,
    0.6875606806211552
  ],
  "generation": 79,
  "best_score": 39023,
  "all_time_best": 39023
}
