{
  "chess": {
    "w_wins": 5,
    "w_draws": 0,
    "w_losses": 0,
    "w_totalMoves": 418,
    "w_totalTimeMs": 368138.35999999975,
    "w_nodesEvaluated": 1448691,
    "w_maxDepth": 6,
    "w_alphaBetaPruningRate": 55.558520536453514,
    "w_heuristicVariance": 3.4805939102885795,
    "w_heuristicAccuracy": 93.28936740797852,
    "b_wins": 0,
    "b_draws": 0,
    "b_losses": 5,
    "b_totalMoves": 410,
    "b_inferenceTimeMs": 118035.34000000001,
    "b_crossEntropyLoss": 0.14049808214336648,
    "b_predictionAccuracy": 96.87976450693584,
    "b_softmaxConfidence": 81.51279397509653,
    "b_valuePredictionError": 0.006274461961347355
  },
  "snake": {
    "games": 36,
    "totalScore": 106400,
    "totalSteps": 1224,
    "deathWall": 34,
    "deathTail": 2,
    "deathStarve": 0,
    "epsilon": 0,
    "tdError": 0.014472971651406687,
    "avgMaxQ": 56.9305418045705,
    "heuristicRewardShape": 0.5547235263356138,
    "bestScore": 3000,
    "maxCoverage": 8.25,
    "totalFoodSteps": 1224,
    "foodEaten": 74,
    "dirUp": 325,
    "dirDown": 371,
    "dirLeft": 267,
    "dirRight": 261
  },
  "connect4": {
    "r_games": 22,
    "r_wins": 22,
    "r_totalTimeMs": 112387.29999947548,
    "r_movesToWin": 126,
    "r_transpositionHits": 2944,
    "r_pat2": 0,
    "r_pat3b": 0,
    "r_pat3o": 0,
    "r_flipRate": 0,
    "y_games": 22,
    "y_wins": 0,
    "y_simulations": 59400,
    "y_maxDepth": 0,
    "y_totalNodes": 148500,
    "y_ucb1": 1.4485580171203507,
    "y_exploreRatio": 26.568906666819096,
    "y_predictedWinProb": 0
  },
  "flappy": {
    "generations": 2,
    "bestScore": 1017,
    "avgGenScore": 1017,
    "fitnessBest": 50850,
    "selectionPressure": 0.1,
    "jumpRate": 1.351529609707489,
    "geneticDiversityStdDev": 0.19469341924111647
  },
  "game2048": {
    "games": 22,
    "totalFinalScore": 189904,
    "totalEmptyTiles": 51417,
    "chanceNodes": 90584,
    "maxNodes": 18932,
    "effectiveBranching": 2.6628974610943343,
    "monotonicity": 0,
    "smoothness": 0,
    "predictedEV": 10552,
    "evError": 1.65741035759298,
    "reach1024": 15,
    "reach2048": 0,
    "reach4096": 0
  }
}