{
  "chess": {
    "w_wins": 10,
    "w_draws": 0,
    "w_losses": 0,
    "w_totalMoves": 571,
    "w_totalTimeMs": 502586.5999999996,
    "w_nodesEvaluated": 1986488,
    "w_maxDepth": 6,
    "w_alphaBetaPruningRate": 45.82465307246028,
    "w_heuristicVariance": 4.2201076622676394,
    "w_heuristicAccuracy": 97.88247477619483,
    "b_wins": 0,
    "b_draws": 0,
    "b_losses": 10,
    "b_totalMoves": 561,
    "b_inferenceTimeMs": 143973.88999999998,
    "b_crossEntropyLoss": 0.1398519464822784,
    "b_predictionAccuracy": 89.58404087553056,
    "b_softmaxConfidence": 83.48115119829814,
    "b_valuePredictionError": 0.03703629892746898
  },
  "snake": {
    "games": 36,
    "totalScore": 106400,
    "totalSteps": 1224,
    "deathWall": 34,
    "deathTail": 2,
    "deathStarve": 0,
    "epsilon": 0,
    "tdError": 0.014472971651406687,
    "avgMaxQ": 56.9305418045705,
    "heuristicRewardShape": 0.5547235263356138,
    "bestScore": 3000,
    "maxCoverage": 8.25,
    "totalFoodSteps": 1224,
    "foodEaten": 74,
    "dirUp": 325,
    "dirDown": 371,
    "dirLeft": 267,
    "dirRight": 261
  },
  "connect4": {
    "r_games": 22,
    "r_wins": 22,
    "r_totalTimeMs": 112387.29999947548,
    "r_movesToWin": 126,
    "r_transpositionHits": 2944,
    "r_pat2": 0,
    "r_pat3b": 0,
    "r_pat3o": 0,
    "r_flipRate": 0,
    "y_games": 22,
    "y_wins": 0,
    "y_totalTimeMs": 0,
    "y_simulations": 59400,
    "y_totalNodes": 148500,
    "y_ucb1": 1.4485580171203507,
    "y_exploreRatio": 26.568906666819096,
    "y_maxDepth": 0,
    "y_predictedWinProb": 0
  },
  "flappy": {
    "generations": 11,
    "alive": 0,
    "bestScore": 40001,
    "avgGenScore": 266,
    "geneticDiversityStdDev": 0.1923162870184153,
    "mutationRate": 0,
    "jumpRate": 1.449684570826231,
    "survivalTime": 5.6,
    "fitnessBest": 50850,
    "selectionPressure": 0.1
  },
  "game2048": {
    "games": 22,
    "totalFinalScore": 189904,
    "totalEmptyTiles": 51469,
    "reach1024": 15,
    "reach2048": 0,
    "reach4096": 0,
    "chanceNodes": 90628,
    "maxNodes": 18937,
    "effectiveBranching": 2.010610959135243,
    "monotonicity": 0,
    "smoothness": 0,
    "predictedEV": 130,
    "evError": 0.7967779426272066
  }
}